alpha,roc
0.033598,32.456074
0.038400,0.049920
0.032160,0.031200
0.031840,0.071680
0.031520,0.030720
0.031840,0.031520
0.032000,0.031360
0.031360,0.031680
0.031520,0.031200
0.032640,0.031199
0.031680,0.031200
0.031679,0.072000
0.031840,0.030560
0.032160,0.072000
0.031840,0.031200
0.031520,0.031040
0.032160,0.032000
0.031680,0.031840
0.031840,0.072000
0.035680,0.071840
